{
  "scenario": 60,
  "alpha": 0.9,
  "beta": 0.5,
  "r_search": 6,
  "r_wait": 1,
  "avg_reward_per_step": 5.454545454545457,
  "final_policy_H": "search",
  "final_policy_L": "recharge",
  "mean_curve": [
    1126.0,
    5363.666666666667,
    5359.333333333333,
    5321.333333333333,
    5280.0,
    5302.666666666667,
    5342.666666666667,
    5326.0,
    5346.0,
    5350.333333333333
  ],
  "std_curve": [
    24.99333244420733,
    9.877021593352703,
    43.926706632247715,
    18.62495339293199,
    21.18175315375634,
    21.139746660943903,
    21.483844059096022,
    16.57307052620807,
    54.7905101272109,
    3.0912061651652345
  ]
}